Time,# TXs,Agg. # TXs,Unique Senders,Unique Receivers,Unique Users,Vol (Native),Agg. Vol (Native),Mints (Native),Burns (Native),Supply (Native)
2022-07-31T00:00:00Z,,92535,,,,,667149396.1073649,0,-166.61820382,11556795.160751916
2022-07-30T00:00:00Z,220,92535,34,37,47,170226.0008599149,667149396.1073649,140.9595936,-5850.192139660372,11556961.778955737
2022-07-29T00:00:00Z,289,92315,31,32,41,221776.66063512937,666979170.106505,0,-8589.17659278,11562671.011501798
2022-07-28T00:00:00Z,372,92026,28,30,39,430082.5665651441,666757393.4458699,19991.242606412747,-1537.6946188425543,11571260.188094579
2022-07-27T00:00:00Z,233,91654,28,28,39,118754.78964995725,666327310.8793048,265.21177284,-1443.1696032071966,11552806.640107008
2022-07-26T00:00:00Z,261,91421,28,28,40,223153.2840420883,666208556.0896548,26879.78191527945,-87.75616375,11553984.597937375
2022-07-25T00:00:00Z,258,91160,31,35,45,232568.3861290558,665985402.8056127,35152.18670055927,-8893.06,11527192.572185846
2022-07-24T00:00:00Z,124,90902,21,20,34,64065.56215277638,665752834.4194837,5954.972057999999,0,11500933.445485286
2022-07-23T00:00:00Z,198,90778,27,31,38,141741.9670826635,665688768.8573309,18619.330287599998,0,11494978.473427286
2022-07-22T00:00:00Z,228,90580,28,32,39,276880.4912173933,665547026.8902483,60050.4816954,-2699.1308843300003,11476359.143139686
2022-07-21T00:00:00Z,298,90352,25,27,33,295183.0773981253,665270146.3990309,79752.44185776,-8325.31603285588,11419007.792328617
2022-07-20T00:00:00Z,465,90054,28,30,36,271498.7096490438,664974963.3216327,3993.402,-8.76201463,11347580.666503713
2022-07-19T00:00:00Z,578,89589,36,37,45,1825560.238651247,664703464.6119837,80270.46964783034,-50209.66671153147,11343596.026518343
2022-07-18T00:00:00Z,484,89011,34,78,93,316091.93129942793,662877904.3733324,0,-328.4066446,11313535.223582044
2022-07-17T00:00:00Z,284,88527,31,32,43,174120.67554517192,662561812.4420329,0,0,11313863.630226644
2022-07-16T00:00:00Z,237,88243,34,34,43,230835.67308706697,662387691.7664877,0,-49994.58501111,11313863.630226644
2022-07-15T00:00:00Z,249,88006,28,27,34,216845.95257293733,662156856.0934006,0,-7.50598508,11363858.215237753
2022-07-14T00:00:00Z,269,87757,23,25,31,168128.80272520927,661940010.1408277,0,-110.46677088,11363865.721222833
2022-07-13T00:00:00Z,410,87488,32,35,41,612153.7573094978,661771881.3381025,0,-20554.408037870002,11363976.187993713
2022-07-12T00:00:00Z,222,87078,19,19,26,178890.39845509236,661159727.5807929,0,-38200.7,11384530.596031582
2022-07-11T00:00:00Z,199,86856,27,30,37,265360.0479702942,660980837.1823378,4297.317354269709,0,11422731.296031581
2022-07-10T00:00:00Z,150,86657,23,20,29,846777.6178138873,660715477.1343675,980.1364351230169,-51124.261699999995,11418433.978677312
2022-07-09T00:00:00Z,93,86507,29,31,38,1378576.4502178014,659868699.5165535,0,-347947.4,11468578.10394219
2022-07-08T00:00:00Z,267,86414,19,20,27,156188.89952544734,658490123.0663357,164.7607957049492,-35335.74,11816525.50394219
2022-07-07T00:00:00Z,241,86147,26,29,35,177457.39405878188,658333934.1668103,0,-15.392079590000002,11851696.483146485
2022-07-06T00:00:00Z,363,85906,27,27,34,297005.62567557674,658156476.7727515,269.8949988,-15.3435867,11851711.875226075
2022-07-05T00:00:00Z,374,85543,33,38,49,930327.1645999076,657859471.1470759,8.345021301149918,-132006.20120963,11851457.323813975
2022-07-04T00:00:00Z,266,85169,30,34,41,490948.1888603574,656929143.982476,0,-24118.79182929,11983455.180002304
2022-07-03T00:00:00Z,217,84903,36,35,43,1154796.7882974742,656438195.7936156,2790.326483455617,-137651.64,12007573.971831594
2022-07-02T00:00:00Z,202,84686,37,40,48,358164.0391641457,655283399.0053182,28311.7397724,-11352.943000000001,12142435.285348138
2022-07-01T00:00:00Z,353,84484,37,39,46,747810.7258111314,654925234.966154,477.7878334778331,-101250.24350000001,12125476.488575738
2022-06-30T00:00:00Z,397,84131,30,29,36,289299.7472032937,654177424.2403429,6916.658555390584,0,12226248.94424226
2022-06-29T00:00:00Z,453,83734,28,26,40,1316919.9462094079,653888124.4931395,3229.8131065063817,0,12219332.28568687
2022-06-28T00:00:00Z,425,83281,31,35,42,559193.341073735,652571204.5469301,8.7183710835281,-50080.310000000005,12216102.472580362
2022-06-27T00:00:00Z,314,82856,33,35,45,2564734.040730132,652012011.2058563,9.046682432219091,-92752.32999999999,12266174.064209279
2022-06-26T00:00:00Z,274,82542,31,34,43,592410.5151100437,649447277.1651262,94814.35908,-124472.709366,12358917.347526846
2022-06-25T00:00:00Z,261,82268,25,24,34,190959.45967973082,648854866.6500162,0,-8259.6533665,12388575.697812846
2022-06-24T00:00:00Z,421,82007,38,34,51,1107927.1278130398,648663907.1903365,13427.1090072,-602747.3081992599,12396835.351179346
2022-06-23T00:00:00Z,364,81586,30,30,39,595235.2496658327,647555980.0625235,16285.24703022286,-957.48625707,12986155.550371407
2022-06-22T00:00:00Z,270,81222,24,27,33,230116.18338538773,646960744.8128576,228.88672614692118,-114.45459068999999,12970827.789598254
2022-06-21T00:00:00Z,414,80952,27,30,37,813777.9158098589,646730628.6294723,51835.09496958643,-48840.23326163,12970713.357462797
2022-06-20T00:00:00Z,540,80538,30,34,40,830871.2798278922,645916850.7136624,60691.191558953135,-1662.73750551,12967718.495754842
2022-06-19T00:00:00Z,572,79998,34,31,46,2709758.3035202934,645085979.4338346,1028.6004176299566,-3066.45221038653,12908690.041701399
2022-06-18T00:00:00Z,1368,79426,39,38,48,14380266.973633923,642376221.1303142,4378.984226631504,-154123.97618333355,12910727.893494155
2022-06-17T00:00:00Z,273,78058,33,38,45,624491.2854105816,627995954.1566803,0,-70218.4,13060472.885450857
2022-06-16T00:00:00Z,394,77785,37,39,51,318538.1922052477,627371462.8712698,18.100019329547777,-54686.33,13130691.285450857
2022-06-15T00:00:00Z,834,77391,39,38,52,1020523.764731015,627052924.6790646,3518.753085382536,-107269.54237219002,13185359.515431527
2022-06-14T00:00:00Z,776,76557,45,46,57,1354195.8891558675,626032400.9143336,713.2549435131344,-271395.99406518,13289110.304718334
2022-06-13T00:00:00Z,1203,75781,48,49,60,904886.9818504564,624678205.0251777,14107.62907735523,-160.63282067,13559793.04384
2022-06-12T00:00:00Z,523,74578,40,36,47,986070.7468120301,623773318.0433272,1110.5827149197653,-19100.000000000004,13545846.047583316
2022-06-11T00:00:00Z,353,74055,30,33,43,257822.84504998702,622787247.2965152,195.09904954819092,-11900.000000000002,13563835.464868397
2022-06-10T00:00:00Z,203,73702,31,30,38,4391861.066048101,622529424.4514652,970.125290628102,-94042.1594,13575540.365818849
2022-06-09T00:00:00Z,353,73499,66,64,77,2054321.357904635,618137563.3854171,34274.0062493699,-89474.70244216366,13668612.399928221
2022-06-08T00:00:00Z,394,73146,38,40,48,784981.0576732103,616083242.0275124,19991.924907823795,-76001,13723813.096121015
2022-06-07T00:00:00Z,507,72752,38,48,54,648643.4517854477,615298260.9698392,776.1308691357797,-46548.6847197,13779822.171213191
2022-06-06T00:00:00Z,295,72245,37,36,48,531382.545849237,614649617.5180538,15600.852888554798,-53385.06370888,13825594.725063756
2022-06-05T00:00:00Z,197,71950,21,21,28,166498.62510136658,614118234.9722046,0,-10021.8086071,13863378.93588408
2022-06-04T00:00:00Z,235,71753,32,35,39,1052088.8467116423,613951736.3471032,11.814292865723273,-142478.86139326,13873400.74449118
2022-06-03T00:00:00Z,210,71518,30,32,40,272322.53392076213,612899647.5003916,1711.9046716506025,-10517.8515,14015867.791591575
2022-06-02T00:00:00Z,222,71308,32,29,39,1142209.8114680483,612627324.9664708,0,0,14024673.738419924
2022-06-01T00:00:00Z,316,71086,37,47,52,1359149.5474254815,611485115.1550028,144.05704990271946,-206789.01630000002,14024673.738419924
2022-05-31T00:00:00Z,374,70770,40,39,47,1967925.563462774,610125965.6075773,23.002518691651915,-50284.91576862177,14231318.697670022
2022-05-30T00:00:00Z,331,70396,30,28,39,275770.09301420656,608158040.0441146,30265.26390340287,-21.5785376,14281580.610919952
2022-05-29T00:00:00Z,251,70065,31,36,42,10189104.550960502,607882269.9511003,143594.06199095998,-4431152.991593299,14251336.925554149
2022-05-28T00:00:00Z,350,69814,27,28,35,10224286.800507339,597693165.4001398,5000000,-156.73141563,18538895.85515649
2022-05-27T00:00:00Z,704,69464,33,35,41,575173.3622821379,587468878.5996325,1921.4066684008349,-72384.65115173999,13539052.58657212
2022-05-26T00:00:00Z,522,68760,29,32,41,466259.3762503099,586893705.2373503,496.97351771174095,-40152.196504980006,13609515.831055459
2022-05-25T00:00:00Z,371,68238,39,36,49,992695.761910319,586427445.8611001,142085.53784090315,-50160.873999999996,13649171.054042727
2022-05-24T00:00:00Z,306,67867,33,33,41,1430502.7398936443,585434750.0991898,3964.262149394846,0,13557246.390201824
2022-05-23T00:00:00Z,526,67561,38,37,54,578180.3753719192,584004247.3592961,306.36430728421,-34313.183000000005,13553282.128052428
2022-05-22T00:00:00Z,451,67035,33,35,40,645994.2287212723,583426066.9839242,22123.555258642627,-50210.39718540894,13587288.946745144
2022-05-21T00:00:00Z,219,66584,35,32,46,698443.4554918143,582780072.7552029,0,-34660.64777212,13615375.78867191
2022-05-20T00:00:00Z,434,66365,26,33,38,456966.59322672803,582081629.2997111,14434.885063968979,-22093.474540923384,13650036.436444031
2022-05-19T00:00:00Z,562,65931,39,38,47,6947009.680319184,581624662.7064844,22.203151591742206,-107.26340755000001,13657695.025920985
2022-05-18T00:00:00Z,719,65369,32,36,42,621336.8011803556,574677653.0261652,166.86715197831373,-36637.516,13657780.086176943
2022-05-17T00:00:00Z,720,64650,39,40,48,1167059.8105241812,574056316.2249849,15519.490217484361,-36348.08043398,13694250.735024964
2022-05-16T00:00:00Z,1464,63930,40,44,50,2148420.7200307604,572889256.4144607,56405.81321659095,-126822.03304530303,13715079.32524146
2022-05-15T00:00:00Z,1238,62466,39,39,47,1494497.7275887353,570740835.6944299,56175.13026979659,-668.45393251,13785495.545070171
2022-05-14T00:00:00Z,1324,61228,50,47,58,3270802.2833696897,569246337.9668411,120412.2393154222,-230908.39495040977,13729988.868732885
2022-05-13T00:00:00Z,2183,59904,55,64,74,15340312.446852928,565975535.6834714,204376.2224830394,-3861260.2775755646,13840485.024367873
2022-05-12T00:00:00Z,2414,57721,83,96,113,34434110.71063055,550635223.2366185,680821.9606159917,-3924249.9501651963,17497369.079460397
2022-05-11T00:00:00Z,2156,55307,92,103,115,14609549.58861592,516201112.5259879,120901.12212297798,-489653.93897491856,20740797.069009602
2022-05-10T00:00:00Z,1355,53151,75,75,86,11786112.410670556,501591562.937372,45215.4575081491,-123198.25909039,21109549.885861542
2022-05-09T00:00:00Z,641,51796,71,81,87,10928961.834588123,489805450.52670145,21386.83914900703,-567295.6719435793,21187532.68744378
2022-05-08T00:00:00Z,236,51155,40,41,48,3048239.958871615,478876488.69211334,14941.25947941159,0,21733441.520238355
2022-05-07T00:00:00Z,181,50919,44,47,54,6470712.239498695,475828248.73324174,50245.88710594861,-12601.035500000002,21718500.260758944
2022-05-06T00:00:00Z,153,50738,48,52,62,1689756.2391503754,469357536.49374306,35947.77184152397,0,21680855.409152996
2022-05-05T00:00:00Z,216,50585,51,52,63,4296205.814031807,467667780.25459266,26584.207101298955,-753093.334314,21644907.637311473
2022-05-04T00:00:00Z,206,50369,44,46,53,2009719.7366242835,463371574.4405609,108528.39677239978,-831.43690974,22371416.764524173
2022-05-03T00:00:00Z,213,50163,41,38,48,1605959.1389542627,461361854.7039366,67148.87397079906,0,22263719.804661512
2022-05-02T00:00:00Z,175,49950,42,41,52,781138.6976591398,459755895.5649823,10213.53807136373,0,22196570.930690713
2022-05-01T00:00:00Z,192,49775,44,46,57,1777954.01070877,458974756.86732316,96474.02504845308,-42619.83411951,22186357.39261935
2022-04-30T00:00:00Z,184,49583,46,48,55,2323456.8339939127,457196802.8566144,18176.88734571219,-16721.455442,22132503.201690406
2022-04-29T00:00:00Z,197,49399,58,58,70,3425434.576580462,454873346.0226205,43768.77030019436,-608098.7753,22131047.769786693
2022-04-28T00:00:00Z,101,49202,48,50,59,2325601.204615009,451447911.44604003,249154.46713248,-87882.8461,22695377.7747865
2022-04-27T00:00:00Z,82,49101,38,35,45,320021.70761416334,449122310.24142504,39983.042583120005,0,22534106.15375402
2022-04-26T00:00:00Z,126,49019,43,42,50,762013.1476415582,448802288.53381085,367.7840028158211,-525.87823945,22494123.1111709
2022-04-25T00:00:00Z,157,48893,42,46,52,1069438.8736878517,448040275.3861693,28956.366745985826,-30000,22494281.205407534
2022-04-24T00:00:00Z,90,48736,44,42,54,323700.5598233196,446970836.51248145,31607.1055986,-4603.2601,22495324.838661548
2022-04-23T00:00:00Z,65,48646,40,38,48,1047176.3056572595,446647135.9526581,49311.74777239961,-86.3264,22468320.99316295
2022-04-22T00:00:00Z,97,48581,45,47,57,1765845.8891022922,445599959.64700085,19968.0135984,0,22419095.57179055
2022-04-21T00:00:00Z,146,48484,40,39,48,865966.492971319,443834113.75789857,88917.05704476,-102579.55736874323,22399127.55819215
2022-04-20T00:00:00Z,174,48338,47,51,59,2900537.653883952,442968147.26492727,98409.22568634394,0,22412790.058516134
2022-04-19T00:00:00Z,165,48164,60,64,70,8549617.822387423,440067609.61104333,503653.752882,-372.60482966999996,22314380.83282979
2022-04-18T00:00:00Z,221,47999,50,54,60,4250996.9188945005,431517991.78865594,153048.82502169628,-340.00669609000005,21811099.684777457
2022-04-17T00:00:00Z,153,47778,60,66,72,1859664.2139151627,427266994.8697614,164087.74788324125,-427.16304635,21658390.866451852
2022-04-16T00:00:00Z,90,47625,52,52,61,4129185.5875776233,425407330.65584624,400847.49603003816,0,21494730.28161496
2022-04-15T00:00:00Z,182,47535,79,76,87,11160386.85397184,421278145.0682686,948488.0775495578,-468.18097215,21093882.785584923
2022-04-14T00:00:00Z,225,47353,82,87,98,5814250.8664858965,410117758.21429676,506824.06934796,-99656.69999535999,20145862.889007516
2022-04-13T00:00:00Z,256,47128,72,80,92,9347626.609815245,404303507.34781086,845246.5270398596,-46966.965561820005,19738695.519654915
2022-04-12T00:00:00Z,187,46872,56,60,66,3676673.6794289057,394955880.7379956,54974.26621100032,-28109.29009683636,18940415.958176874
2022-04-11T00:00:00Z,231,46685,66,67,76,8085188.973215227,391279207.0585667,1243329.940894861,-101650.5532,18913550.98206271
2022-04-10T00:00:00Z,200,46454,71,74,84,8634946.776523886,383194018.08535147,968156.3596101664,0,17771871.594367847
2022-04-09T00:00:00Z,385,46254,127,131,143,12465564.55607585,374559071.3088276,1803016.162422376,0,16803715.23475768
2022-04-08T00:00:00Z,379,45869,95,97,109,3369908.3246862143,362093506.7527517,68693.9016119411,-96549.72816187104,15000699.072335305
2022-04-07T00:00:00Z,343,45490,106,108,118,8501716.105074218,358723598.4280655,1381052.2944766171,-21305.21769261,15028554.898885235
2022-04-06T00:00:00Z,669,45147,195,197,207,16418548.88412912,350221882.32299125,1262238.7625836465,-120598.7077,13668807.822101228
2022-04-05T00:00:00Z,147,44478,27,26,34,654227.860050952,333803333.43886214,58152.00205376061,-81237.58381442999,12527167.767217582
2022-04-04T00:00:00Z,175,44331,25,23,28,651689.579099999,333149105.57881117,28466.847550216437,-151992.19282484002,12550253.348978251
2022-04-03T00:00:00Z,307,44156,25,28,30,1575128.8618551604,332497415.99971116,179172.23378738406,-185810.91338315,12673778.694252875
2022-04-02T00:00:00Z,491,43849,24,24,29,2260150.7784355073,330922287.137856,374129.97572805407,-106373.21615816,12680417.373848641
2022-04-01T00:00:00Z,171,43358,27,25,34,461740.701633583,328662136.3594205,82489.78905399799,-5006.94827877,12412660.614278747
2022-03-31T00:00:00Z,141,43187,20,21,27,741654.2867357472,328200395.6577869,32303.11465608909,-2460.91624173,12335177.77350352
2022-03-30T00:00:00Z,121,43046,18,18,26,333980.7235694782,327458741.37105113,14254.495115139978,-4563.2219487600005,12305335.57508916
2022-03-29T00:00:00Z,131,42925,22,20,27,304917.38033107074,327124760.6474817,51274.05146127145,-1302.83960431,12295644.30192278
2022-03-28T00:00:00Z,135,42794,16,17,22,155423.46900735726,326819843.2671506,921.3271536608339,-4286.26959406,12245673.090065818
2022-03-27T00:00:00Z,73,42659,18,22,25,171693.22893880584,326664419.7981432,33970.24383786759,-439.47290211,12249038.032506218
2022-03-26T00:00:00Z,83,42586,23,21,32,393669.6797295564,326492726.5692044,51603.57310892373,0,12215507.261570461
2022-03-25T00:00:00Z,131,42503,26,27,31,719234.507043946,326099056.8894748,0,0,12163903.688461537
2022-03-24T00:00:00Z,121,42372,19,18,26,485725.5340379524,325379822.38243085,0,0,12163903.688461537
2022-03-23T00:00:00Z,89,42251,20,22,26,112942.91759053156,324894096.8483929,12099.019844763743,0,12163903.688461537
2022-03-22T00:00:00Z,98,42162,21,21,27,189738.98655857527,324781153.93080235,0,-277.30882603000003,12151804.668616774
2022-03-21T00:00:00Z,131,42064,24,22,27,902059.8809238017,324591414.9442438,99854.14606372942,-199388.27474628002,12152081.977442803
2022-03-20T00:00:00Z,96,41933,17,15,23,158042.7801797467,323689355.06332,0,0,12251616.106125353
2022-03-19T00:00:00Z,116,41837,24,22,31,224957.3353666766,323531312.28314024,4671.661594956142,-725.2635018599999,12251616.106125353
2022-03-18T00:00:00Z,133,41721,24,27,43,346973.4635135671,323306354.9477736,10441.177457759999,-65589.73157469,12247669.708032256
2022-03-17T00:00:00Z,111,41588,22,21,25,79179.51201349261,322959381.48426,0,-57.169144540000005,12302818.262149187
2022-03-16T00:00:00Z,107,41477,9,13,16,91078.41369598403,322880201.9722465,0,0,12302875.431293726
2022-03-15T00:00:00Z,80,41370,14,14,19,69799.16081089257,322789123.55855054,0,0,12302875.431293726
2022-03-14T00:00:00Z,106,41290,19,19,26,176117.72324759964,322719324.39773965,6922.485166114816,0,12302875.431293726
2022-03-13T00:00:00Z,78,41184,18,14,22,98379.83705099022,322543206.67449206,29545.909014798635,0,12295952.94612761
2022-03-12T00:00:00Z,71,41106,24,23,31,80523.87365834297,322444826.8374411,1551.080820967997,0,12266407.037112812
2022-03-11T00:00:00Z,189,41035,22,24,30,186429.33905151454,322364302.9637827,6083.4928831256,-16459.583,12264855.956291843
2022-03-10T00:00:00Z,164,40846,25,27,33,270365.6270089004,322177873.62473124,2012.4365024628826,-31718.0193,12275232.046408718
2022-03-09T00:00:00Z,161,40682,25,27,32,260933.36720081707,321907507.9977223,38085.713135383485,-16514.532692583845,12304937.629206255
2022-03-08T00:00:00Z,147,40521,39,36,44,2184026.0725453757,321646574.63052154,928.4604672,-356696.3100333001,12283366.448763456
2022-03-07T00:00:00Z,131,40374,26,30,40,427182.41825660045,319462548.5579762,0,-25021.4243,12639134.298329556
2022-03-06T00:00:00Z,111,40243,25,27,36,259081.9593566782,319035366.1397196,1105.7764051680047,-70000,12664155.722629556
2022-03-05T00:00:00Z,185,40132,44,42,46,2100259.6707902346,318776284.18036294,319991.2897724771,-7270.0432,12733049.946224388
2022-03-04T00:00:00Z,175,39947,32,30,34,456704.5537193966,316676024.5095727,367.310580197385,-79988.34360000001,12420328.69965191
2022-03-03T00:00:00Z,173,39772,33,32,44,543168.471017735,316219319.9558533,38354.21147382225,-30011.3653,12499949.732671713
2022-03-02T00:00:00Z,155,39599,25,26,30,233850.57656924234,315676151.48483557,12602.30276172,-21553.434,12491606.88649789
2022-03-01T00:00:00Z,228,39444,24,26,35,329766.0842299316,315442300.9082663,54093.7917648168,-12528.746923867635,12500558.01773617
2022-02-28T00:00:00Z,202,39216,30,28,40,363793.3593534572,315112534.82403636,20019.315584164982,-15466.04202844104,12458992.972895222
2022-02-27T00:00:00Z,218,39014,23,27,33,789093.4591079081,314748741.4646829,47126.11339326512,-5009.2405,12454439.699339498
2022-02-26T00:00:00Z,192,38796,26,31,33,1018609.9946886676,313959648.00557494,2917.1500730400003,-92952.1243,12412322.826446233
2022-02-25T00:00:00Z,248,38604,25,27,31,719975.811031469,312941038.01088625,54577.28680392128,-287.03779436,12502357.800673194
2022-02-24T00:00:00Z,501,38356,30,32,43,1324503.8836921176,312221062.1998548,10291.255849947895,-58226.281254370006,12448067.551663633
2022-02-23T00:00:00Z,241,37855,25,28,32,720676.9436570589,310896558.31616265,9916.629287883778,-47566.527013808525,12496002.577068055
2022-02-22T00:00:00Z,234,37614,29,34,40,836928.2532755929,310175881.3725056,14444.967175049846,-20093.6728,12533652.47479398
2022-02-21T00:00:00Z,331,37380,31,28,37,2168221.2950039073,309338953.11923003,13357.109218320002,-145068.85690443122,12539301.180418931
2022-02-20T00:00:00Z,178,37049,27,26,34,1300638.603486376,307170731.82422614,24965.02709316,-42824.7032,12671012.928105041
2022-02-19T00:00:00Z,183,36871,25,26,36,463727.7021540071,305870093.2207398,0,-29790.476200000005,12688872.604211882
2022-02-18T00:00:00Z,249,36688,28,25,34,321752.37114515004,305406365.5185858,0,-146.0465562484232,12718663.080411881
2022-02-17T00:00:00Z,237,36439,29,34,40,534176.6038365195,305084613.1474407,7370.515612248423,-99.71517615508472,12718809.12696813
2022-02-16T00:00:00Z,204,36202,34,31,49,322715.04828241316,304550436.54360414,5082.965999999999,0,12711538.326532038
2022-02-15T00:00:00Z,283,35998,34,35,48,538038.2108908504,304227721.49532175,14979.07057416,0,12706455.360532038
2022-02-14T00:00:00Z,243,35715,30,31,42,347730.9198156685,303689683.2844309,7980.820194479999,-17833.3767,12691476.289957877
2022-02-13T00:00:00Z,141,35472,26,28,37,350176.7916609955,303341952.36461526,9459.136972764005,-65263.1127,12701328.846463397
2022-02-12T00:00:00Z,415,35331,29,32,36,862151.6310716298,302991775.57295424,180884.14728804,-19759.0981,12757132.822190633
2022-02-11T00:00:00Z,359,34916,32,31,39,755909.4633792265,302129623.9418826,59956.091866439994,-11539.259639080745,12596007.773002593
2022-02-10T00:00:00Z,357,34557,45,43,56,855478.2316347341,301373714.4785034,0,-26377.7231,12547590.940775234
2022-02-09T00:00:00Z,292,34200,38,42,52,958707.426226178,300518236.24686867,0,-131241.8407721671,12573968.663875233
2022-02-08T00:00:00Z,512,33908,51,44,61,1060992.0283283596,299559528.8206425,0.99920016,-20099.67793651911,12705210.5046474
2022-02-07T00:00:00Z,304,33396,45,52,62,6384229.395685463,298498536.7923141,69837.79929020698,-1805042.4562,12725309.18338376
2022-02-06T00:00:00Z,246,33092,48,49,64,3586023.83747018,292114307.3966287,0,-578.9265,14460513.840293553
2022-02-05T00:00:00Z,351,32846,69,69,87,1311920.6899156661,288528283.5591585,0,-11752.505000000001,14461092.766793553
2022-02-04T00:00:00Z,412,32495,59,58,70,1838771.3362732176,287216362.86924285,68969.41621052974,-83800.593,14472845.271793554
2022-02-03T00:00:00Z,373,32083,66,64,77,2219892.488214318,285377591.53296965,2090.7139797600003,-77658.50984825863,14487676.448583024
2022-02-02T00:00:00Z,447,31710,71,67,84,2354428.862247325,283157699.04475534,10473.8088,-27562.2339,14563244.244451523
2022-02-01T00:00:00Z,432,31263,54,52,68,2181499.0958023416,280803270.182508,11995.2,0,14580332.669551523
2022-01-31T00:00:00Z,330,30831,39,43,44,3695695.9388722684,278621771.0867056,3998.4,-8603.2873,14568337.469551524
2022-01-30T00:00:00Z,333,30501,58,50,64,23935580.991220098,274926075.14783335,75800.52075876,-113038.25170000001,14572942.356851524
2022-01-29T00:00:00Z,366,30168,51,57,65,2203153.443996775,250990494.15661323,46307.70560237855,-50421.975399999996,14610180.087792763
2022-01-28T00:00:00Z,789,29802,59,61,76,10023267.777410634,248787340.71261644,235688.25702603365,-52607.91705416357,14614294.357590385
2022-01-27T00:00:00Z,817,29013,72,78,91,9183154.507264657,238764072.93520582,95855.07746497504,-254731.15728301636,14431214.017618515
2022-01-26T00:00:00Z,835,28196,56,57,65,3154641.1922345674,229580918.42794117,97882.83119999999,-649,14590090.097436557
2022-01-25T00:00:00Z,579,27361,55,53,67,1735210.0759111305,226426277.2357066,70907.62560000001,-60000,14492856.266236557
2022-01-24T00:00:00Z,929,26782,59,55,65,3135839.492421043,224691067.15979546,7048.1795999999995,-127919.47677550175,14481948.640636556
2022-01-23T00:00:00Z,594,25853,53,58,67,2429740.7712715,221555227.66737443,44448.17123374071,-6906.548574356472,14602819.937812058
2022-01-22T00:00:00Z,1287,25259,107,104,121,4954738.717334485,219125486.89610294,3721.5108,-549881,14565278.315152675
2022-01-21T00:00:00Z,795,23972,77,72,89,6527878.337737985,214170748.17876846,25047.50244710445,-915537.4103826256,15111437.804352675
2022-01-20T00:00:00Z,495,23177,73,75,86,2989281.893161401,207642869.84103048,100549.39262807726,-418442.58621395746,16001927.712288195
2022-01-19T00:00:00Z,429,22682,91,88,102,2038206.5653919538,204653587.9478691,51804.270000000004,-356592,16319820.905874075
2022-01-18T00:00:00Z,541,22253,88,84,106,2785201.903326863,202615381.38247713,12483.004799999999,-333800.1374313666,16624608.635874076
2022-01-17T00:00:00Z,785,21712,117,122,141,5025688.182029391,199830179.47915027,0,-329362.9908638837,16945925.768505443
2022-01-16T00:00:00Z,471,20927,97,102,116,3657169.2343782033,194804491.29712087,325832.6148,-92342,17275288.759369325
2022-01-15T00:00:00Z,403,20456,119,120,137,3272658.56807308,191147322.06274268,101137.5288,-431427.51483088534,17041798.144569326
2022-01-14T00:00:00Z,434,20053,102,99,115,7256732.433531129,187874663.4946696,1853389.3476,-306037.92213923536,17372088.13060021
2022-01-13T00:00:00Z,623,19619,119,114,129,3478674.189327034,180617931.06113845,466599.28559999994,-164146.20836831303,15824736.705139445
2022-01-12T00:00:00Z,651,18996,121,119,135,2155549.194027042,177139256.87181142,196869.2208,-57637,15522283.627907759
2022-01-11T00:00:00Z,575,18345,101,104,115,2329334.2335695582,174983707.67778438,6707.315999999999,-30043,15383051.40710776
2022-01-10T00:00:00Z,927,17770,114,116,133,3037778.0871740202,172654373.44421482,99367.2372,-95535.05238447973,15406387.09110776
2022-01-09T00:00:00Z,523,16843,111,117,143,1775253.968091563,169616595.3570408,69986.994,-17836,15402554.90629224
2022-01-08T00:00:00Z,713,16320,108,111,118,4066093.9523322787,167841341.38894922,584190.4305912436,-44971.51641724623,15350403.912292238
2022-01-07T00:00:00Z,1155,15607,163,172,176,4853002.536382543,163775247.43661693,535389.8222460512,-224337.88913102486,14811184.99811824
2022-01-06T00:00:00Z,1154,14452,215,220,227,5788841.096011424,158922244.90023437,485773.36656345584,-33359.63517557625,14500133.065003214
2022-01-05T00:00:00Z,1022,13298,171,177,192,3427108.4163156366,153133403.80422294,145997.55221326702,-73466,14047719.333615335
2022-01-04T00:00:00Z,301,12276,30,34,39,1363799.6739714183,149706295.3879073,121023.5712,-179357,13975187.781402068
2022-01-03T00:00:00Z,263,11975,29,27,37,2806905.094683739,148342495.71393588,27882.8424,-177242,14033521.210202068
2022-01-02T00:00:00Z,149,11712,28,33,35,800672.0169510049,145535590.61925215,32953.38781254296,-151891,14182880.367802069
2022-01-01T00:00:00Z,294,11563,24,24,29,962318.2093494352,144734918.60230115,34865.0484,-224719,14301817.979989525
2021-12-31T00:00:00Z,398,11269,24,24,27,1576731.3377156844,143772600.39295173,254705.0772,-123348.38094510578,14491671.931589525
2021-12-30T00:00:00Z,422,10871,45,49,53,21593524.299039878,142195869.05523604,4999222.952890522,-422123,14360315.235334631
2021-12-29T00:00:00Z,199,10449,28,26,35,1603898.7658054756,120602344.75619617,441620.3993175273,-93380.17441942438,9783215.282444108
2021-12-28T00:00:00Z,218,10250,19,24,25,1169595.0917213939,118998445.99039069,120020.38656674184,-205701.39856674182,9434975.057546005
2021-12-27T00:00:00Z,130,10032,21,23,27,974303.1628227993,117828850.89866929,344515.45034092903,-51253,9520656.069546005
2021-12-26T00:00:00Z,95,9902,14,14,16,218927.990348488,116854547.73584649,144.942,0,9227393.619205076
2021-12-25T00:00:00Z,73,9807,20,20,26,698166.7492349057,116635619.745498,498.8004,-140145,9227248.677205076
2021-12-24T00:00:00Z,146,9734,19,20,23,1006465.3429544066,115937452.9962631,239904,-59504,9366894.876805076
2021-12-23T00:00:00Z,190,9588,27,28,34,1061321.140226393,114930987.65330869,183109.05272919906,-118622,9186494.876805076
2021-12-22T00:00:00Z,116,9398,19,17,24,988890.6564909045,113869666.5130823,301540.3356,-96914,9122007.824075878
2021-12-21T00:00:00Z,163,9282,24,27,30,1442064.8071829046,112880775.85659139,434325.2004,-76526.51900067559,8917381.488475878
2021-12-20T00:00:00Z,206,9119,20,24,27,760012.3396808709,111438711.04940848,16488.402000000002,-29069.656395680115,8559582.807076553
2021-12-19T00:00:00Z,107,8913,21,20,28,390378.6589317025,110678698.70972762,39984.00000000001,-43506,8572164.061472233
2021-12-18T00:00:00Z,169,8806,24,25,26,1844922.032702527,110288320.05079591,143821.4810985624,-552931,8575686.061472233
2021-12-17T00:00:00Z,264,8637,18,18,24,1195794.2671307013,108443398.01809339,17639.671324282495,-152469.22582378855,8984795.58037367
2021-12-16T00:00:00Z,235,8373,22,21,23,1002519.2902175023,107247603.75096269,21247.97685548755,-191776,9119625.134873178
2021-12-15T00:00:00Z,246,8138,20,18,31,1045638.5022747761,106245084.46074519,73776.38844442191,-204110,9290153.15801769
2021-12-14T00:00:00Z,211,7892,20,20,25,1134679.2536270241,105199445.9584704,44982,-75010,9420486.769573268
2021-12-13T00:00:00Z,202,7681,17,17,19,1143796.7664092039,104064766.70484339,83723.70781674239,-191331.92768480245,9450514.769573268
2021-12-12T00:00:00Z,123,7479,19,19,19,1318117.6756197133,102920969.93843418,89964,-302211,9558122.989441328
2021-12-11T00:00:00Z,154,7356,15,17,19,2708636.2051047175,101602852.26281448,0,-875910,9770369.989441328
2021-12-10T00:00:00Z,251,7202,19,24,26,1543454.8497237824,98894216.05770975,215858.62199999997,-220280,10646279.989441328
2021-12-09T00:00:00Z,180,6951,15,14,19,869056.2553453053,97350761.20798597,74111.1393086811,-87261,10650701.367441328
2021-12-08T00:00:00Z,157,6771,20,18,23,1300976.3341453925,96481704.95264067,200018.9604,-181730,10663851.228132647
2021-12-07T00:00:00Z,257,6614,27,29,31,2231843.2066453495,95180728.61849527,196270.46039999998,-463785,10645562.267732646
2021-12-06T00:00:00Z,413,6357,18,17,20,2845588.137795252,92948885.41184992,632821.77,-304406,10913076.807332646
2021-12-05T00:00:00Z,268,5944,16,14,18,1190443.2811638142,90103297.27405466,972.6108,-229305,10584661.037332647
2021-12-04T00:00:00Z,459,5676,28,29,32,2746214.6778627313,88912853.99289085,116.9532,-471614,10812993.426532647
2021-12-03T00:00:00Z,293,5217,33,30,35,5038860.262870203,86166639.31502812,328448.568,-923579,11284490.473332647
2021-12-02T00:00:00Z,146,4924,21,22,25,3140729.661132727,81127779.05215791,657234.0012,-688617,11879620.905332647
2021-12-01T00:00:00Z,194,4778,24,29,30,1476503.9172753587,77987049.39102519,103123.50328302041,-114953.45059173931,11911003.904132647
2021-11-30T00:00:00Z,258,4584,33,33,37,3610932.752555772,76510545.47374983,355528.7316,-735987,11922833.851441367
2021-11-29T00:00:00Z,155,4326,30,32,34,2987761.216420882,72899612.72119406,1135017.9712000003,-485628,12303292.119841367
2021-11-28T00:00:00Z,235,4171,22,22,24,1710095.6609907586,69911851.50477317,105129.93119999999,-143186,11653902.148641367
2021-11-27T00:00:00Z,165,3936,28,26,32,1261278.946796348,68201755.84378241,59814.06479999999,-241639.09764331335,11691958.217441367
2021-11-26T00:00:00Z,247,3771,28,27,34,1731173.778458192,66940476.89698607,143692.5,-80000,11873783.250284681
2021-11-25T00:00:00Z,238,3524,27,29,34,1067404.2014288502,65209303.118527874,25989.600000000002,0,11810090.750284681
2021-11-24T00:00:00Z,205,3286,40,40,44,5073832.525145897,64141898.91709902,1833312.508061286,0,11784101.150284681
2021-11-23T00:00:00Z,280,3081,59,64,68,4304310.580365157,59068066.391953126,1363094.878795251,-47892.99431751177,9950788.642223395
2021-11-22T00:00:00Z,158,2801,35,36,39,1018847.4630948512,54763755.81158797,56981.803344974986,-250927.09020290186,8635586.757745655
2021-11-21T00:00:00Z,108,2643,29,28,32,983317.973896465,53744908.348493114,108702.5016,-373918.18234783784,8829532.044603582
2021-11-20T00:00:00Z,112,2535,27,30,34,511827.02257652767,52761590.37459665,38348.61933010693,-61905.06882259741,9094747.725351421
2021-11-19T00:00:00Z,137,2423,35,34,38,4612650.267573425,52249763.35202012,1532071.0864,-59709.76539972191,9118304.174843911
2021-11-18T00:00:00Z,102,2286,27,27,31,1512928.2586695272,47637113.0844467,187926.7992,-248971,7645942.853843634
2021-11-17T00:00:00Z,76,2184,23,24,26,562966.3194828825,46124184.82577717,65218.901999999995,-154464,7706987.054643634
2021-11-16T00:00:00Z,90,2108,20,21,24,1000006.9891786446,45561218.50629429,84275.27640000002,-322304,7796232.152643634
2021-11-15T00:00:00Z,60,2018,18,19,23,1557506.415287031,44561211.517115645,436284.41640000005,-246591,8034260.876243634
2021-11-14T00:00:00Z,131,1958,29,29,33,9607369.693215482,43003705.10182861,126572.3508,-1324132,7844567.459843634
2021-11-13T00:00:00Z,78,1827,17,19,22,1133981.6809729058,33396335.40861313,322678.8768,-142506,9042127.109043634
2021-11-12T00:00:00Z,122,1749,26,27,30,2414032.4082126636,32262353.727640226,796343.3352,-364450,8861954.232243633
2021-11-11T00:00:00Z,192,1627,41,39,45,2360775.0928521943,29848321.319427565,978016.6368000003,-152008,8430060.897043632
2021-11-10T00:00:00Z,147,1435,21,20,24,1335113.0964022952,27487546.22657537,226430.39160000006,-357002,7604052.260243632
2021-11-09T00:00:00Z,55,1288,13,15,19,1621030.502922482,26152433.130173076,266502.3564,-159283,7734623.868643632
2021-11-08T00:00:00Z,56,1233,10,11,12,881089.951685196,24531402.627250593,412167.0672,-14840,7627404.512243632
2021-11-07T00:00:00Z,51,1177,14,16,18,255377.83724694024,23650312.675565396,136827.2472,-4065,7230077.445043632
2021-11-06T00:00:00Z,30,1126,11,11,15,152259.27235897537,23394934.838318456,8376.648,-15600,7097315.197843632
2021-11-05T00:00:00Z,23,1096,6,7,8,191327.93061539723,23242675.56595948,2279.088,-79475,7104538.549843632
2021-11-04T00:00:00Z,81,1073,8,8,9,884841.3945206559,23051347.63534408,261270.44999999998,-157544,7181734.461843631
2021-11-03T00:00:00Z,57,992,12,12,12,459980.9764797643,22166506.240823425,117136.1268,-2440,7078008.011843631
2021-11-02T00:00:00Z,29,935,10,10,11,475361.0057402109,21706525.26434366,202299.04799999995,-24990,6963311.885043631
2021-11-01T00:00:00Z,30,906,8,9,10,538203.366478457,21231164.25860345,179727.0804,-85712,6786002.837043631
2021-10-31T00:00:00Z,32,876,12,13,16,399172.0814164289,20692960.892124992,59147.3316,-196249,6691987.756643631
2021-10-30T00:00:00Z,23,844,9,10,11,156805.073255744,20293788.810708564,2998.8,-48367.365718358036,6829089.42504363
2021-10-29T00:00:00Z,24,821,9,9,11,328286.97130864114,20136983.73745282,60140.934,-59664,6874457.990761989
2021-10-28T00:00:00Z,48,797,10,10,12,1037312.2458175333,19808696.76614418,286099.0556347885,-260839.14106193726,6873981.056761988
2021-10-27T00:00:00Z,120,749,12,14,17,1401016.846157438,18771384.520326644,365164.4409553023,-248117.64175716104,6848721.142189137
2021-10-26T00:00:00Z,152,629,16,17,18,2332798.400400591,17370367.674169205,699868.7270970168,-301218.75705268385,6731674.342990995
2021-10-25T00:00:00Z,78,477,16,15,17,978037.6380710808,15037569.273768613,413702.4528000001,-1136.4412861320689,6333024.372946663
2021-10-24T00:00:00Z,20,399,9,10,11,227814.30755661536,14059531.635697532,39271.376279860386,-30354.365504391535,5920458.3614327945
2021-10-23T00:00:00Z,25,379,8,9,12,307520.6397521269,13831717.328140916,173267.66520000002,-333.99432399673026,5911541.350657325
2021-10-22T00:00:00Z,61,354,6,8,11,42230.01452386128,13524196.68838879,35737.69919999997,-2,5738607.679781322
2021-10-21T00:00:00Z,84,293,12,13,13,528137.2209297001,13481966.673864927,180718.3318836211,-103865.75345379038,5702871.980581323
2021-10-20T00:00:00Z,51,209,7,8,8,155077.06734855386,12953829.452935226,4215.917791978522,-47338,5626019.4021514915
2021-10-19T00:00:00Z,6,158,3,7,8,51.849339823042264,12798752.385586672,0,0,5669141.484359513
2021-10-18T00:00:00Z,5,152,6,6,7,51086.01135627064,12798700.53624685,0,-25393.034296495913,5669141.484359513
2021-10-17T00:00:00Z,31,147,10,9,11,126528.90402923572,12747614.52489058,61631.4644622154,0,5694534.518656009
2021-10-16T00:00:00Z,7,116,5,4,7,63393.10408752044,12621085.620861344,104.958,0,5632903.054193794
2021-10-15T00:00:00Z,18,109,9,10,12,10798908.363597546,12557692.516773824,4843321.301207868,-661.5586459194367,5632798.096193794
2021-10-14T00:00:00Z,3,91,2,2,4,1999.2,1758784.1531762783,999.5999999999999,0,790138.3536318461
2021-10-13T00:00:00Z,7,88,2,2,4,7277.087999999999,1756784.9531762784,3638.5440000000003,0,789138.7536318462
2021-10-12T00:00:00Z,52,81,3,3,4,76853.24156865514,1749507.8651762784,35335.86000000001,-3090.7607843275873,785500.2096318462
2021-10-11T00:00:00Z,5,29,3,3,4,6660.457243083943,1672654.6236076232,2758.8959999999997,-571.3326215419718,753255.1104161737
2021-10-10T00:00:00Z,4,24,3,3,4,3899.9899245686793,1665994.1663645392,1509.396,-440.5989622843397,751067.5470377157
2021-10-09T00:00:00Z,,20,,,,,1662094.1764399705,0,0,749998.75
2021-10-08T00:00:00Z,5,20,5,4,6,1400001.9264399705,1662094.1764399705,500000,0,749998.75
2021-10-07T00:00:00Z,,15,,,,,262092.24999999997,0,0,249998.75
2021-10-06T00:00:00Z,,15,,,,,262092.24999999997,0,0,249998.75
2021-10-05T00:00:00Z,,15,,,,,262092.24999999997,0,0,249998.75
2021-10-04T00:00:00Z,1,15,1,1,2,1,262092.24999999997,0,0,249998.75
2021-10-03T00:00:00Z,,14,,,,,262091.24999999997,0,0,249998.75
2021-10-02T00:00:00Z,,14,,,,,262091.24999999997,0,0,249998.75
2021-10-01T00:00:00Z,,14,,,,,262091.24999999997,0,0,249998.75
2021-09-30T00:00:00Z,,14,,,,,262091.24999999997,0,0,249998.75
2021-09-29T00:00:00Z,,14,,,,,262091.24999999997,0,0,249998.75
2021-09-28T00:00:00Z,1,14,1,1,2,10000,262091.24999999997,0,0,249998.75
2021-09-27T00:00:00Z,,13,,,,,252091.24999999997,0,0,249998.75
2021-09-26T00:00:00Z,,13,,,,,252091.24999999997,0,0,249998.75
2021-09-25T00:00:00Z,,13,,,,,252091.24999999997,0,0,249998.75
2021-09-24T00:00:00Z,,13,,,,,252091.24999999997,0,0,249998.75
2021-09-23T00:00:00Z,5,13,2,2,2,18,252091.24999999997,10,-8,249998.75
2021-09-22T00:00:00Z,,8,,,,,252073.24999999997,0,0,249996.75
2021-09-21T00:00:00Z,2,8,1,2,4,20,252073.24999999997,0,0,249996.75
2021-09-20T00:00:00Z,,6,,,,,252053.24999999997,0,0,249996.75
2021-09-19T00:00:00Z,,6,,,,,252053.24999999997,0,0,249996.75
2021-09-18T00:00:00Z,2,6,2,2,4,51.25,252053.24999999997,0,-1.25,249996.75
2021-09-17T00:00:00Z,4,4,3,4,5,252001.99999999997,252001.99999999997,250000,-2,249998
2021-09-16T00:00:00Z,,,,,,,,0,0,
2021-09-15T00:00:00Z,,,,,,,,0,0,
2021-09-14T00:00:00Z,,,,,,,,0,0,
2021-09-13T00:00:00Z,,,,,,,,0,0,
2021-09-12T00:00:00Z,,,,,,,,0,0,
2021-09-11T00:00:00Z,,,,,,,,0,0,
2021-09-10T00:00:00Z,,,,,,,,0,0,
2021-09-09T00:00:00Z,,,,,,,,0,0,
2021-09-08T00:00:00Z,,,,,,,,0,0,
2021-09-07T00:00:00Z,,,,,,,,0,0,
2021-09-06T00:00:00Z,,,,,,,,0,0,
2021-09-05T00:00:00Z,,,,,,,,0,0,
2021-09-04T00:00:00Z,,,,,,,,0,0,
2021-09-03T00:00:00Z,,,,,,,,0,0,
2021-09-02T00:00:00Z,,,,,,,,0,0,
2021-09-01T00:00:00Z,,,,,,,,0,0,
2021-08-31T00:00:00Z,,,,,,,,0,0,
2021-08-30T00:00:00Z,,,,,,,,0,0,
2021-08-29T00:00:00Z,,,,,,,,0,0,
2021-08-28T00:00:00Z,,,,,,,,0,0,
2021-08-27T00:00:00Z,,,,,,,,0,0,
2021-08-26T00:00:00Z,,,,,,,,0,0,
2021-08-25T00:00:00Z,,,,,,,,0,0,
2021-08-24T00:00:00Z,,,,,,,,0,0,
2021-08-23T00:00:00Z,,,,,,,,0,0,
2021-08-22T00:00:00Z,,,,,,,,0,0,
2021-08-21T00:00:00Z,,,,,,,,0,0,
2021-08-20T00:00:00Z,,,,,,,,0,0,
2021-08-19T00:00:00Z,,,,,,,,0,0,
2021-08-18T00:00:00Z,,,,,,,,0,0,
2021-08-17T00:00:00Z,,,,,,,,0,0,
2021-08-16T00:00:00Z,,,,,,,,0,0,
2021-08-15T00:00:00Z,,,,,,,,0,0,
2021-08-14T00:00:00Z,,,,,,,,0,0,
2021-08-13T00:00:00Z,,,,,,,,0,0,
2021-08-12T00:00:00Z,,,,,,,,0,0,
2021-08-11T00:00:00Z,,,,,,,,0,0,
2021-08-10T00:00:00Z,,,,,,,,0,0,
2021-08-09T00:00:00Z,,,,,,,,0,0,
2021-08-08T00:00:00Z,,,,,,,,0,0,
2021-08-07T00:00:00Z,,,,,,,,0,0,
2021-08-06T00:00:00Z,,,,,,,,0,0,
2021-08-05T00:00:00Z,,,,,,,,0,0,
2021-08-04T00:00:00Z,,,,,,,,0,0,
2021-08-03T00:00:00Z,,,,,,,,0,0,
2021-08-02T00:00:00Z,,,,,,,,0,0,
2021-08-01T00:00:00Z,,,,,,,,0,0,
2021-07-31T00:00:00Z,,,,,,,,0,0,
2021-07-30T00:00:00Z,,,,,,,,0,0,
2021-07-29T00:00:00Z,,,,,,,,0,0,
2021-07-28T00:00:00Z,,,,,,,,0,0,
2021-07-27T00:00:00Z,,,,,,,,0,0,
2021-07-26T00:00:00Z,,,,,,,,0,0,
2021-07-25T00:00:00Z,,,,,,,,0,0,
2021-07-24T00:00:00Z,,,,,,,,0,0,
2021-07-23T00:00:00Z,,,,,,,,0,0,
2021-07-22T00:00:00Z,,,,,,,,0,0,
2021-07-21T00:00:00Z,,,,,,,,0,0,
2021-07-20T00:00:00Z,,,,,,,,0,0,
2021-07-19T00:00:00Z,,,,,,,,0,0,
2021-07-18T00:00:00Z,,,,,,,,0,0,
2021-07-17T00:00:00Z,,,,,,,,0,0,
2021-07-16T00:00:00Z,,,,,,,,0,0,
2021-07-15T00:00:00Z,,,,,,,,0,0,
2021-07-14T00:00:00Z,,,,,,,,0,0,
2021-07-13T00:00:00Z,,,,,,,,0,0,
2021-07-12T00:00:00Z,,,,,,,,0,0,
2021-07-11T00:00:00Z,,,,,,,,0,0,
2021-07-10T00:00:00Z,,,,,,,,0,0,
2021-07-09T00:00:00Z,,,,,,,,0,0,
2021-07-08T00:00:00Z,,,,,,,,0,0,
2021-07-07T00:00:00Z,,,,,,,,0,0,
2021-07-06T00:00:00Z,,,,,,,,0,0,
2021-07-05T00:00:00Z,,,,,,,,0,0,
2021-07-04T00:00:00Z,,,,,,,,0,0,
2021-07-03T00:00:00Z,,,,,,,,0,0,
2021-07-02T00:00:00Z,,,,,,,,0,0,
2021-07-01T00:00:00Z,,,,,,,,0,0,
2021-06-30T00:00:00Z,,,,,,,,0,0,
2021-06-29T00:00:00Z,,,,,,,,0,0,
2021-06-28T00:00:00Z,,,,,,,,0,0,
2021-06-27T00:00:00Z,,,,,,,,0,0,
2021-06-26T00:00:00Z,,,,,,,,0,0,
2021-06-25T00:00:00Z,,,,,,,,0,0,
2021-06-24T00:00:00Z,,,,,,,,0,0,
2021-06-23T00:00:00Z,,,,,,,,0,0,
2021-06-22T00:00:00Z,,,,,,,,0,0,
2021-06-21T00:00:00Z,,,,,,,,0,0,
2021-06-20T00:00:00Z,,,,,,,,0,0,
2021-06-19T00:00:00Z,,,,,,,,0,0,
2021-06-18T00:00:00Z,,,,,,,,0,0,
2021-06-17T00:00:00Z,,,,,,,,0,0,
2021-06-16T00:00:00Z,,,,,,,,0,0,
2021-06-15T00:00:00Z,,,,,,,,0,0,
2021-06-14T00:00:00Z,,,,,,,,0,0,
2021-06-13T00:00:00Z,,,,,,,,0,0,
2021-06-12T00:00:00Z,,,,,,,,0,0,
2021-06-11T00:00:00Z,,,,,,,,0,0,
2021-06-10T00:00:00Z,,,,,,,,0,0,
2021-06-09T00:00:00Z,,,,,,,,0,0,
2021-06-08T00:00:00Z,,,,,,,,0,0,
2021-06-07T00:00:00Z,,,,,,,,0,0,
2021-06-06T00:00:00Z,,,,,,,,0,0,
2021-06-05T00:00:00Z,,,,,,,,0,0,
2021-06-04T00:00:00Z,,,,,,,,0,0,
2021-06-03T00:00:00Z,,,,,,,,0,0,
2021-06-02T00:00:00Z,,,,,,,,0,0,
2021-06-01T00:00:00Z,,,,,,,,0,0,
2021-05-31T00:00:00Z,,,,,,,,0,0,
2021-05-30T00:00:00Z,,,,,,,,0,0,
2021-05-29T00:00:00Z,,,,,,,,0,0,
2021-05-28T00:00:00Z,,,,,,,,0,0,
2021-05-27T00:00:00Z,,,,,,,,0,0,
2021-05-26T00:00:00Z,,,,,,,,0,0,
2021-05-25T00:00:00Z,,,,,,,,0,0,
2021-05-24T00:00:00Z,,,,,,,,0,0,
2021-05-23T00:00:00Z,,,,,,,,0,0,
2021-05-22T00:00:00Z,,,,,,,,0,0,
2021-05-21T00:00:00Z,,,,,,,,0,0,
2021-05-20T00:00:00Z,,,,,,,,0,0,
2021-05-19T00:00:00Z,,,,,,,,0,0,
2021-05-18T00:00:00Z,,,,,,,,0,0,
2021-05-17T00:00:00Z,,,,,,,,0,0,
2021-05-16T00:00:00Z,,,,,,,,0,0,
2021-05-15T00:00:00Z,,,,,,,,0,0,
2021-05-14T00:00:00Z,,,,,,,,0,0,
2021-05-13T00:00:00Z,,,,,,,,0,0,
2021-05-12T00:00:00Z,,,,,,,,0,0,
2021-05-11T00:00:00Z,,,,,,,,0,0,
2021-05-10T00:00:00Z,,,,,,,,0,0,
2021-05-09T00:00:00Z,,,,,,,,0,0,
2021-05-08T00:00:00Z,,,,,,,,0,0,
2021-05-07T00:00:00Z,,,,,,,,0,0,
2021-05-06T00:00:00Z,,,,,,,,0,0,
2021-05-05T00:00:00Z,,,,,,,,0,0,
2021-05-04T00:00:00Z,,,,,,,,0,0,
2021-05-03T00:00:00Z,,,,,,,,0,0,
2021-05-02T00:00:00Z,,,,,,,,0,0,
2021-05-01T00:00:00Z,,,,,,,,0,0,
2021-04-30T00:00:00Z,,,,,,,,0,0,
2021-04-29T00:00:00Z,,,,,,,,0,0,
2021-04-28T00:00:00Z,,,,,,,,0,0,
2021-04-27T00:00:00Z,,,,,,,,0,0,
2021-04-26T00:00:00Z,,,,,,,,0,0,
2021-04-25T00:00:00Z,,,,,,,,0,0,
2021-04-24T00:00:00Z,,,,,,,,0,0,
2021-04-23T00:00:00Z,,,,,,,,0,0,
2021-04-22T00:00:00Z,,,,,,,,0,0,
2021-04-21T00:00:00Z,,,,,,,,0,0,
2021-04-20T00:00:00Z,,,,,,,,0,0,
2021-04-19T00:00:00Z,,,,,,,,0,0,
2021-04-18T00:00:00Z,,,,,,,,0,0,
2021-04-17T00:00:00Z,,,,,,,,0,0,
2021-04-16T00:00:00Z,,,,,,,,0,0,
2021-04-15T00:00:00Z,,,,,,,,0,0,
2021-04-14T00:00:00Z,,,,,,,,0,0,
2021-04-13T00:00:00Z,,,,,,,,0,0,
2021-04-12T00:00:00Z,,,,,,,,0,0,
2021-04-11T00:00:00Z,,,,,,,,0,0,
2021-04-10T00:00:00Z,,,,,,,,0,0,
2021-04-09T00:00:00Z,,,,,,,,0,0,
2021-04-08T00:00:00Z,,,,,,,,0,0,
2021-04-07T00:00:00Z,,,,,,,,0,0,
2021-04-06T00:00:00Z,,,,,,,,0,0,
2021-04-05T00:00:00Z,,,,,,,,0,0,
2021-04-04T00:00:00Z,,,,,,,,0,0,
2021-04-03T00:00:00Z,,,,,,,,0,0,
2021-04-02T00:00:00Z,,,,,,,,0,0,
2021-04-01T00:00:00Z,,,,,,,,0,0,
2021-03-31T00:00:00Z,,,,,,,,0,0,
2021-03-30T00:00:00Z,,,,,,,,0,0,
2021-03-29T00:00:00Z,,,,,,,,0,0,
2021-03-28T00:00:00Z,,,,,,,,0,0,
2021-03-27T00:00:00Z,,,,,,,,0,0,
2021-03-26T00:00:00Z,,,,,,,,0,0,
2021-03-25T00:00:00Z,,,,,,,,0,0,
2021-03-24T00:00:00Z,,,,,,,,0,0,
2021-03-23T00:00:00Z,,,,,,,,0,0,
2021-03-22T00:00:00Z,,,,,,,,0,0,
2021-03-21T00:00:00Z,,,,,,,,0,0,
2021-03-20T00:00:00Z,,,,,,,,0,0,
2021-03-19T00:00:00Z,,,,,,,,0,0,
2021-03-18T00:00:00Z,,,,,,,,0,0,
2021-03-17T00:00:00Z,,,,,,,,0,0,
2021-03-16T00:00:00Z,,,,,,,,0,0,
2021-03-15T00:00:00Z,,,,,,,,0,0,
2021-03-14T00:00:00Z,,,,,,,,0,0,
2021-03-13T00:00:00Z,,,,,,,,0,0,
2021-03-12T00:00:00Z,,,,,,,,0,0,
2021-03-11T00:00:00Z,,,,,,,,0,0,
2021-03-10T00:00:00Z,,,,,,,,0,0,
2021-03-09T00:00:00Z,,,,,,,,0,0,
2021-03-08T00:00:00Z,,,,,,,,0,0,
2021-03-07T00:00:00Z,,,,,,,,0,0,
2021-03-06T00:00:00Z,,,,,,,,0,0,
2021-03-05T00:00:00Z,,,,,,,,0,0,
2021-03-04T00:00:00Z,,,,,,,,0,0,
2021-03-03T00:00:00Z,,,,,,,,0,0,
2021-03-02T00:00:00Z,,,,,,,,0,0,
2021-03-01T00:00:00Z,,,,,,,,0,0,
2021-02-28T00:00:00Z,,,,,,,,0,0,
2021-02-27T00:00:00Z,,,,,,,,0,0,
2021-02-26T00:00:00Z,,,,,,,,0,0,
2021-02-25T00:00:00Z,,,,,,,,0,0,
2021-02-24T00:00:00Z,,,,,,,,0,0,
2021-02-23T00:00:00Z,,,,,,,,0,0,
2021-02-22T00:00:00Z,,,,,,,,0,0,
2021-02-21T00:00:00Z,,,,,,,,0,0,
2021-02-20T00:00:00Z,,,,,,,,0,0,
2021-02-19T00:00:00Z,,,,,,,,0,0,
2021-02-18T00:00:00Z,,,,,,,,0,0,
2021-02-17T00:00:00Z,,,,,,,,0,0,
2021-02-16T00:00:00Z,,,,,,,,0,0,
2021-02-15T00:00:00Z,,,,,,,,0,0,
2021-02-14T00:00:00Z,,,,,,,,0,0,
2021-02-13T00:00:00Z,,,,,,,,0,0,
2021-02-12T00:00:00Z,,,,,,,,0,0,
2021-02-11T00:00:00Z,,,,,,,,0,0,
2021-02-10T00:00:00Z,,,,,,,,0,0,
2021-02-09T00:00:00Z,,,,,,,,0,0,
2021-02-08T00:00:00Z,,,,,,,,0,0,
2021-02-07T00:00:00Z,,,,,,,,0,0,
2021-02-06T00:00:00Z,,,,,,,,0,0,
2021-02-05T00:00:00Z,,,,,,,,0,0,
2021-02-04T00:00:00Z,,,,,,,,0,0,
2021-02-03T00:00:00Z,,,,,,,,0,0,
2021-02-02T00:00:00Z,,,,,,,,0,0,
2021-02-01T00:00:00Z,,,,,,,,0,0,
2021-01-31T00:00:00Z,,,,,,,,0,0,
2021-01-30T00:00:00Z,,,,,,,,0,0,
2021-01-29T00:00:00Z,,,,,,,,0,0,
2021-01-28T00:00:00Z,,,,,,,,0,0,
2021-01-27T00:00:00Z,,,,,,,,0,0,
2021-01-26T00:00:00Z,,,,,,,,0,0,
2021-01-25T00:00:00Z,,,,,,,,0,0,
2021-01-24T00:00:00Z,,,,,,,,0,0,
2021-01-23T00:00:00Z,,,,,,,,0,0,
2021-01-22T00:00:00Z,,,,,,,,0,0,
2021-01-21T00:00:00Z,,,,,,,,0,0,
2021-01-20T00:00:00Z,,,,,,,,0,0,
2021-01-19T00:00:00Z,,,,,,,,0,0,
2021-01-18T00:00:00Z,,,,,,,,0,0,
2021-01-17T00:00:00Z,,,,,,,,0,0,
2021-01-16T00:00:00Z,,,,,,,,0,0,
2021-01-15T00:00:00Z,,,,,,,,0,0,
2021-01-14T00:00:00Z,,,,,,,,0,0,
2021-01-13T00:00:00Z,,,,,,,,0,0,
2021-01-12T00:00:00Z,,,,,,,,0,0,
2021-01-11T00:00:00Z,,,,,,,,0,0,
2021-01-10T00:00:00Z,,,,,,,,0,0,
2021-01-09T00:00:00Z,,,,,,,,0,0,
2021-01-08T00:00:00Z,,,,,,,,0,0,
2021-01-07T00:00:00Z,,,,,,,,0,0,
2021-01-06T00:00:00Z,,,,,,,,0,0,
2021-01-05T00:00:00Z,,,,,,,,0,0,
2021-01-04T00:00:00Z,,,,,,,,0,0,
2021-01-03T00:00:00Z,,,,,,,,0,0,
2021-01-02T00:00:00Z,,,,,,,,0,0,
2021-01-01T00:00:00Z,,,,,,,,0,0,
